Channel_Name,Date_of_Publishing,Hour_GMT2,Title,Description,Tags,Video_Type,View_Count,Like_Count,Comment_Count,Favorite_Count,Definition,Has_Captions,Licensed_Content,Topic_Categories,Names_Extracted,Video_ID
Radio ZET,2025-07-27,16:00,Schrony NAS URATUJÄ„? Ekspert ujawnia BRUTALNÄ„ PRAWDÄ˜!,"CaÅ‚y odcinek podcastu ""W razie W"" juÅ¼ na naszym kanale!","radio zet, podcasty radio zet, pierwsze ÅºrÃ³dÅ‚o informacji, wiadomoÅ›ci z polski, informacje, wiadomoÅ›ci, newsy, wiadomoÅ›ci dziÅ›, breaking news, aktualne informacje, komentarze polityczne, commentary polska, w razie w, czy wybuchnie wojna, jak przygotowaÄ‡ siÄ™ na wojnÄ™, gdzie uciec w razie wojny, jak przetrwaÄ‡ wojnÄ™, survival, zestaw do ewakuacji, plecak ewakuacyjny, prywatny schron, jak zbudowaÄ‡ schron, schron przydomowy, gdzie jest schron, gdzie schroniÄ‡ siÄ™ przed wojnÄ…",long,1493,22,1,0,hd,No,Yes,,,D8Aw8euIoMI
Radio ZET,2025-07-27,08:00,"UznaÅ„ski jak SHELDON?! ğŸ¤¯ ""Teoria wielkiego podrywu"" w kosmosie!",Sheldon czy jednak Howard? :) Piszcie w komentarzach!,"radio zet, podcasty radio zet, pierwsze ÅºrÃ³dÅ‚o informacji, wiadomoÅ›ci z polski, informacje, wiadomoÅ›ci, newsy, wiadomoÅ›ci dziÅ›, breaking news, aktualne informacje, komentarze polityczne, commentary polska, SÅ‚awosz UznaÅ„ski, RadioZET, Polski Astronauta, Kosmos, KsiÄ™Å¼yc, Pierwszy Polak Na KsiÄ™Å¼ycu, ESA, NASA, Loty Kosmiczne, Nauka, Polska W Kosmosie, Ekskluzywny Wywiad, TYLKO W Radiu ZET, sÅ‚awosz uznaÅ„ski wiÅ›niewski, lot w kosmos, kosmos, polak w kosmosie, unzaÅ„ski w kosmosie",long,2246,21,2,0,hd,No,Yes,,,iwBc_WVaGDo
Radio ZET,2025-07-27,08:00,JAK ZBUDOWAÄ† SCHRON KROK PO KROKU? Ekspert ostrzega: Piwnica w bloku to Å›miertelna puÅ‚apka W RAZIE W,"Gdy spadajÄ… rakiety, nie ma czasu na pytania. A jeÅ›li nie wiesz, gdzie siÄ™ schowaÄ‡, nie przeÅ¼yjesz. W tym odcinku caÅ‚a prawda o schronach, piwnicach i improwizacji â€w razie Wâ€. A jeÅ›li chcesz zainwestowaÄ‡ we wÅ‚asny schron â€“ oto poradnik: jak, gdzie i za ile.

Czy piwnica w bloku lub garaÅ¼ podziemny to bezpieczne schronienie w razie ataku? W najnowszym odcinku podcastu ""W razie W"" PaweÅ‚ Frankowski, autor ksiÄ…Å¼ki ""Schron przydomowy"", brutalnie weryfikuje nasze wyobraÅ¼enia i ostrzega, Å¼e dla wielu ","radio zet, podcasty radio zet, w razie w, czy wybuchnie wojna, jak przygotowaÄ‡ siÄ™ na wojnÄ™, gdzie uciec w razie wojny, jak przetrwaÄ‡ wojnÄ™, survival, zestaw do ewakuacji, plecak ewakuacyjny, prywatny schron, jak zbudowaÄ‡ schron, schron przydomowy, gdzie jest schron, gdzie schroniÄ‡ siÄ™ przed wojnÄ…, czy piwnica to dobry schron, czy garaÅ¼ moÅ¼e byÄ‡ schronem, ile kosztuje schron",long,1076,42,10,0,hd,No,Yes,,,Eak6dfBsx9o
Radio ZET,2025-07-26,16:00,"Schrony w Polsce TO MIT?! I Podcast ""W razie W""",Premiera podcastu juÅ¼ jutro na naszym kanale!,"radio zet, podcasty radio zet, w razie w, czy wybuchnie wojna, jak przygotowaÄ‡ siÄ™ na wojnÄ™, gdzie uciec w razie wojny, jak przetrwaÄ‡ wojnÄ™, survival, zestaw do ewakuacji, plecak ewakuacyjny, prywatny schron, jak zbudowaÄ‡ schron, schron przydomowy, gdzie jest schron, gdzie schroniÄ‡ siÄ™ przed wojnÄ…, czy piwnica to dobry schron, czy garaÅ¼ moÅ¼e byÄ‡ schronem, ile kosztuje schron",long,1697,16,0,0,hd,No,Yes,,,8GMwQ1sFZY8
Radio ZET,2025-07-26,13:00,"CO BY BYÅO GDYBY...ludzie wybierali partnerÃ³w, jak ksiÄ…Å¼ki w bibliotece?",Karpowicz i Gajda dokonujÄ… powaÅ¼nych analiz abstrakcyjnych scenariuszy.,"radio zet, podcasty radio zet, co by byÅ‚o gdyby, robert karpowicz, Bartosz gajda, karpowicz, rozrywka, zabawa, standup, humor, suchary nowe, Å›mieszne, karpiu radio zet, dej suchara, suchary, radio zet Å›mieszne, karpiu, Å›mieszne filmy, Å›mieszne rozmowy, haha, zabawne, Å›mieszne polskie filmy, smieszne filmy, suchar, co by byÅ‚o gdyby radio zet",long,3526,59,1,0,hd,No,Yes,,,S8PQUVV5O7A
Radio ZET,2025-07-26,10:01,Jak dziaÅ‚a TOALETA w kosmosie?!,Wywiad ze SÅ‚awoszem UznaÅ„skim - WiÅ›niewskim juÅ¼ na naszym kanale!,"radio zet, podcasty radio zet, pierwsze ÅºrÃ³dÅ‚o informacji, wiadomoÅ›ci z polski, informacje, wiadomoÅ›ci, newsy, wiadomoÅ›ci dziÅ›, breaking news, aktualne informacje, komentarze polityczne, commentary polska, SÅ‚awosz UznaÅ„ski, RadioZET, Polski Astronauta, Kosmos, KsiÄ™Å¼yc, Pierwszy Polak Na KsiÄ™Å¼ycu, ESA, NASA, Loty Kosmiczne, Nauka, Polska W Kosmosie, Ekskluzywny Wywiad, TYLKO W Radiu ZET, sÅ‚awosz uznaÅ„ski wiÅ›niewski, lot w kosmos, kosmos, polak w kosmosie, unzaÅ„ski w kosmosie",long,9356,64,12,0,hd,No,Yes,,,xxcJA8Kz2uE
Radio ZET,2025-07-26,08:30,Urodziny Oskara Cymsa ğŸ¥³ The best of Oskar // Funny moments #radiozet #muzykanr1 #oskarcyms,,,long,3420,69,4,0,hd,No,Yes,,Urodziny Oskara,6X5uC_fp5AA
Radio ZET,2025-07-25,18:00,"Kim NAPRAWDÄ˜ jest Grzegorz Braun? ""WczeÅ›niej przez 20 lat nie byÅ‚ ani religijny, ani konserwatywny""","#podejrzanipolitycy Kim naprawdÄ™ jest Grzegorz Braun - skrajnie prawicowy, tradycjonalistyczny polityk, ktÃ³ry, przekraczajÄ…c kolejne spoÅ‚eczno-kulturowe tabu i moralno-polityczne granice - zdobywa coraz wiÄ™kszÄ… rzeszÄ™ wiernych wyznawcÃ³w? 

Jakie sÄ… dzieje jego rodziny? Kto z jego przodkÃ³w mÃ³gÅ‚ mieÄ‡ na niego najwiÄ™kszy wpÅ‚yw ideologiczny, a z czyjÄ… figurÄ… najmocniej siÄ™ zmagaÅ‚? Do jakich ruchÃ³w przyÅ‚Ä…czaÅ‚ siÄ™ w mÅ‚odoÅ›ci, a do ktÃ³rych siÅ‚ politycznych ""przykleiÅ‚"" siÄ™ wtedy, gdy zyskaÅ‚ prawicowÄ… Å›w","radio zet, podcasty radio zet, pierwsze ÅºrÃ³dÅ‚o informacji, wiadomoÅ›ci z polski, informacje, wiadomoÅ›ci, newsy, wiadomoÅ›ci dziÅ›, breaking news, aktualne informacje, komentarze polityczne, commentary polska, #grzegorz braun",long,8497,205,353,0,hd,No,Yes,,"Grzegorz Braun, Krytyki Politycznej, Podejrzani Politycy, Gabriela Narutowicza",8xX1gWbxm0E
Radio ZET,2025-07-25,16:45,Maryla i Lanberry dzielÄ… siÄ™ swoimi szaleÅ„stwami ğŸŒ¹ #radiozet #muzykanr1 #zegnijpalecjeÅ›li #shorts,,"radio zet, podcasty radio zet, pierwsze ÅºrÃ³dÅ‚o informacji, wiadomoÅ›ci z polski, informacje, wiadomoÅ›ci, newsy, wiadomoÅ›ci dziÅ›, breaking news, aktualne informacje, komentarze polityczne, commentary polska",long,5966,45,4,0,hd,No,Yes,,,Zoncf7nsN9s
Radio ZET,2025-07-25,15:00,Nowy rzÄ…d idzie na starcie z Karolem Nawrockim! I DZIEJE SIÄ˜,"Ten odcinek podcastu politycznego ""Dzieje siÄ™"" rozpoczynamy od tematu rekonstrukcji rzÄ…du Donalda Tuska. 

W Å›rodÄ™ poznaliÅ›my nazwiska nowych ministrÃ³w, a juÅ¼ w czwartek wszyscy nowi ministrowie zÅ‚oÅ¼yli Å›lubowanie w PaÅ‚acu Prezydenckim. Zastanawiamy siÄ™, czy rekonstrukcja rzÄ…du speÅ‚ni stawiane przed niÄ… cele, czyli wzrost notowaÅ„ rzÄ…du oraz partii go tworzÄ…cych. Komentujemy dymisjÄ™ Adama Bodnara i zastÄ…pienie go przez Waldemara Å»urka na stanowisku ministra sprawiedliwoÅ›ci. Karolina Lewicka zdrad","radio zet, podcasty radio zet, pierwsze ÅºrÃ³dÅ‚o informacji, wiadomoÅ›ci z polski, informacje, wiadomoÅ›ci, newsy, wiadomoÅ›ci dziÅ›, breaking news, aktualne informacje, komentarze polityczne, commentary polska, dzieje siÄ™, lubecka, rekonstrukcja rzÄ…du, zaprzysiÄ™Å¼enie prezydenta, nawrocki, karol nawrocki",long,4770,126,39,0,hd,No,Yes,,"Karolina Lewicka, Donalda Tuska, Adama Bodnara, Adam Bodnar, Prezydenta Karola",DMadvmBipCM
Radio ZET,2025-07-25,12:30,UznaÅ„ski - WiÅ›niewski UJAWNIA swoje marzenie w Radiu ZET!,Ekskluzywny wywiad ze SÅ‚awoszem UznaÅ„skim - WiÅ›niewskim juÅ¼ na naszym kanale!,"radio zet, podcasty radio zet, pierwsze ÅºrÃ³dÅ‚o informacji, wiadomoÅ›ci z polski, informacje, wiadomoÅ›ci, newsy, wiadomoÅ›ci dziÅ›, breaking news, aktualne informacje, komentarze polityczne, commentary polska, SÅ‚awosz UznaÅ„ski, RadioZET, Polski Astronauta, Kosmos, KsiÄ™Å¼yc, Pierwszy Polak Na KsiÄ™Å¼ycu, ESA, NASA, Loty Kosmiczne, Nauka, Polska W Kosmosie, Ekskluzywny Wywiad, TYLKO W Radiu ZET, sÅ‚awosz uznaÅ„ski wiÅ›niewski, lot w kosmos, kosmos, polak w kosmosie, unzaÅ„ski w kosmosie",long,5955,43,5,0,hd,No,Yes,,,LGlcN0aJONw
Radio ZET,2025-07-25,11:00,"TYLKO W RADIU ZET: ""ChciaÅ‚bym byÄ‡ pierwszym Polakiem na KsiÄ™Å¼ycu!"" â€“ SÅ‚awosz UznaÅ„ski - WiÅ›niewski","W ekskluzywnym wywiadzie dla Radia ZET, drugi Polak w kosmosie SÅ‚awosz UznaÅ„ski - WiÅ›niewski wyznaje: ""ChciaÅ‚bym byÄ‡ pierwszym Polakiem na KsiÄ™Å¼ycu"".","radio zet, podcasty radio zet, pierwsze ÅºrÃ³dÅ‚o informacji, wiadomoÅ›ci z polski, informacje, wiadomoÅ›ci, newsy, wiadomoÅ›ci dziÅ›, breaking news, aktualne informacje, komentarze polityczne, commentary polska, SÅ‚awosz UznaÅ„ski, RadioZET, Polski Astronauta, Kosmos, KsiÄ™Å¼yc, Pierwszy Polak Na KsiÄ™Å¼ycu, ESA, NASA, Astronautyka, Eksploracja Kosmosu, Loty Kosmiczne, Nauka, Polska W Kosmosie, GoÅ›Ä‡ Radia ZET, PrzyszÅ‚oÅ›Ä‡ Kosmosu, Ekskluzywny Wywiad, TYLKO W Radiu ZET, sÅ‚awosz uznaÅ„ski wiÅ›niewski",long,3756,84,40,0,hd,No,Yes,,,77UA7x9k_1U
Radio ZET,2025-07-25,08:30,Polska gotowa na WOJNÄ˜ z RosjÄ…?!,"Cezary Tomczyk byÅ‚ dziÅ› ""GoÅ›ciem Radia ZET""! CaÅ‚a rozmowa na naszym kanale!","radio zet, podcasty radio zet, pierwsze ÅºrÃ³dÅ‚o informacji, wiadomoÅ›ci z polski, informacje, wiadomoÅ›ci, newsy, wiadomoÅ›ci dziÅ›, breaking news, aktualne informacje, komentarze polityczne, commentary polska, Polska, Wojna, Rosja, Chiny, Tomczyk, Cezary Tomczyk, Wiceminister Obrony, BezpieczeÅ„stwo, NATO, Zbrojenia, wojna z rosjÄ…, wojsko polski, armia, polska armia, polityka, polska polityka, modernizacja armii, obrona, obrona narodowa, wojna w 2027, beata lubecka, lubecka, goÅ›Ä‡ radia zet",long,13603,142,185,0,hd,No,Yes,,Cezary Tomczyk,bjIpZ6qAiEM
Radio ZET,2025-07-25,08:00,Jakie wino wariacie ğŸ˜œ? #radiozet #cobybyÅ‚ogdyby,CO BY BYÅO GDYBY... kelnerzy mÃ³wili co myÅ›lÄ…! :D,"radio zet, podcasty radio zet, co by byÅ‚o gdyby, robert karpowicz, Bartosz gajda, karpowicz, rozrywka, zabawa, standup, humor, suchary nowe, Å›mieszne, karpiu radio zet, dej suchara, suchary, radio zet Å›mieszne, karpiu, Å›mieszne filmy, Å›mieszne rozmowy, haha, zabawne, Å›mieszne polskie filmy, smieszne filmy, suchar, co by byÅ‚o gdyby radio zet",long,6310,57,0,0,hd,No,Yes,,,HI7mbvAerqo
Radio ZET,2025-07-25,07:02,Polska GOTOWA na WOJNÄ˜ Z ROSJÄ„?! Tomczyk: Znamy scenariusz Rosji i Chin!,"Cezary Tomczyk - wiceszef MON, poseÅ‚ PO GoÅ›ciem Radia ZET. Zaprasza Beata Lubecka!

Cezary Tomczyk wiceminister obrony narodowej w rozmowie z BeatÄ… LubeckÄ… ujawnia szczegÃ³Å‚y dotyczÄ…ce przyszÅ‚oÅ›ci bezpieczeÅ„stwa Polski. Potwierdza, Å¼e ""nasze wiadomoÅ›ci wywiadowcze mÃ³wiÄ… o  scenariuszu zagroÅ¼enia wojennego w 2027 roku."" PodkreÅ›la, Å¼e Polska i NATO otwarcie komunikujÄ… Rosji i Chinom znajomoÅ›Ä‡ tych planÃ³w, aby zapobiec ich realizacji. Minister zapewnia, Å¼e ""przygotowujemy kraj i teÅ¼ przygotowujÄ… siÄ™","goÅ›Ä‡ radia zet, breaking news, wiadomoÅ›ci, pilne, wiadomoÅ›ci dzis, wiadomoÅ›ci radio zet, bogdan rymanowski, informacje, serwis informacyjny, news poland, news polska, teraz na Å¼ywo, radio zet, goÅ›Ä‡ radia zet na Å¼ywo, Bogdan Rymanowski Radio ZET, na Å¼ywo, Ryszard Petru, wybory prezydenckie 2025, RafaÅ‚ Trzaskowski, Karol Nawrocki, sondaÅ¼e wyborcze, mniejsze zÅ‚o, debata prezydencka, KoÅ„skie, TV Republika, zarzuty wobec Nawrockiego, sutenerstwo",long,23604,411,222,0,hd,No,Yes,,"Zaprasza Beata, Centrum Implementacji, Wojska Polskiego, Cezary Tomczyk, Sztucznej Inteligencji",82vvKAv8AyQ
miechulec,2025-07-27,19:33,EUROWIZJA I SERIAL KRYMINALNY?! ğŸ˜± | #eurowizja #eurovision #crimestory,,,long,1024,81,5,0,hd,No,Yes,,,tSPRYfj4BWI
miechulec,2025-07-26,16:00,POLSKA ğŸ‡µğŸ‡± NA EUROWIZJI TO STAN UMYSÅU! ğŸ¤¯ Oceniam wszystkie wystÄ™py,"Eurowizja jest konkursem, ktÃ³ry od prawie 70 lat emocjonuje mieszkancÃ³w Europy i nie tylko. Od 1994 roku bierze w nim udziaÅ‚ takÅ¼e Polska. Nasza historia w konkursie Eurowizja to 28 piosenek i 27 wystepÃ³w.

Czy Eurowizja rzeczywiÅ›cie nas tak bardzo nie lubi? A moÅ¼e nasze wystÄ™py sÄ… po prostu nieciekawe? SprawdziÅ‚em to i oceniÅ‚em wszystkie polskie piosenki w konkursie Eurowizja. 

00:00 - zapowiedÅº i wstÄ™p
02:37 - 1994: Edyta GÃ³rniak
04:23 - 1995: Justyna Steczkowska
05:34 - 1996: Kasia Kowalska
","eurowizja, eurowizja polska, eurovision, eurovision song contest, polska na eurowizji, poland in eurovision, edyta gÃ³rniak, justyna steczkowska, gaja, eurowizji, ich troje, michaÅ‚ wiÅ›niewski, michaÅ‚ szpak, rafaÅ‚ brzozowski, blanka, kasia kowalska, piasek, mietek szczeÅ›niak, blue cafe, gosia andrzejewicz, cleo, donatan, kasia moÅ›, tulia, gromee, ochman, dziennik eurowizyjny, dobry wieczÃ³r europo, eurovibes, misja eurowizja, oceniam, ocena, wystÄ™py, miechulec",long,4807,349,107,0,hd,No,Yes,,"Ich Troje, Isis Gee, Magdalena Tul, Czy Eurowizja, Kasia Kowalska",vDAn1eWgS9s
miechulec,2025-07-25,18:05,POLSKA GUROM ğŸ‡µğŸ‡±ğŸ‡µğŸ‡±ğŸ‡µğŸ‡± #eurowizja #trend #shorts,,,long,5876,211,7,0,hd,No,Yes,,,GpPfkSxq9fQ
JastrzabPost,2025-07-27,14:01,"Roksana WÄ™giel ZAGRAÅA z mÄ™Å¼em we wÅ‚asnym teledysku ""BÅ‚Ä™kit""ğŸ¥° Znamy powÃ³d!","#jastrzÄ…bpost #roksanawÄ™giel #bÅ‚Ä™kit 
ğŸ‘‰ğŸ¼Subskrybuj kanaÅ‚: https://www.youtube.com/channel/UCOSeIrY8eAi9lEvJ3vq4xEg?sub_confirmation=1
ğŸŸ WiÄ™cej na: http://jastrzabpost.pl","plotki, gwiazdy, nowinki, celebryci, show biznes, jastrzÄ…b post, roksana wÄ™giel, teledysk, kevin mglej, mÄ…Å¼ wÄ™giel, shorts",long,1060,11,0,0,hd,No,Yes,,,sc-AD1fHZdk
JastrzabPost,2025-07-27,08:00,WoliÅ„ski ocenia stylizacje Igi ÅšwiÄ…tek. ZdradziÅ‚ teÅ¼ swoje zawodowe marzenie,"#jastrzÄ…bpost #dawidwoliÅ„ski #igaswiatek 
ğŸ‘‰ğŸ¼Subskrybuj kanaÅ‚: https://www.youtube.com/channel/UCOSeIrY8eAi9lEvJ3vq4xEg?sub_confirmation=1
ğŸŸ WiÄ™cej na: http://jastrzabpost.pl
WoliÅ„ski ocenia stylizacje Igi ÅšwiÄ…tek. ZdradziÅ‚ teÅ¼ swoje zawodowe marzenie. WiÄ™cej w naszym materiale wideo.","plotki, gwiazdy, nowinki, celebryci, show biznes, jastrzÄ…b post, iga Å›wiÄ…tek, dawid woliÅ„ski, wywiad z woliÅ„skim, moda, styl, stylizacje, juror top model, projektant mody",long,777,11,1,0,hd,No,Yes,,,JwwBrzvl37M
JastrzabPost,2025-07-27,06:00,Tyszka jest sÄ…siadem Wieniawy. WyjawiÅ‚ o niej caÅ‚Ä… prawdÄ™!,"#jastrzÄ…bpost #marcintyszka #juliawieniawa 
ğŸ‘‰ğŸ¼Subskrybuj kanaÅ‚: https://www.youtube.com/channel/UCOSeIrY8eAi9lEvJ3vq4xEg?sub_confirmation=1
ğŸŸ WiÄ™cej na: http://jastrzabpost.pl
Marcin Tyszka jest sÄ…siadem Julii Wieniawy. WyjawiÅ‚ o niej caÅ‚Ä… prawdÄ™! WiÄ™cej w naszym materiale wideo.","plotki, gwiazdy, nowinki, celebryci, show biznes, jastrzÄ…b post, julia wieniawa, marcin tyszka, fotograf, wywiad tyszkÄ…, top model, znany fotograf",long,1048,13,0,0,hd,No,Yes,,"Marcin Tyszka, Julii Wieniawy",UqzPSx825Ek
JastrzabPost,2025-07-26,13:00,"Joanna Senyszyn: ""jednego dnia GOTOWAÅAM na 40 dni"" ğŸ˜®","#jastrzÄ…bpost #joannasenyszyn #shorts 
ğŸ‘‰ğŸ¼Subskrybuj kanaÅ‚: https://www.youtube.com/channel/UCOSeIrY8eAi9lEvJ3vq4xEg?sub_confirmation=1
ğŸŸ WiÄ™cej na: http://jastrzabpost.pl","plotki, gwiazdy, nowinki, celebryci, show biznes, jastrzÄ…b post, joanna senyszyn, gotowanie, polityk, shorts",long,2866,18,0,0,hd,No,Yes,,Joanna Senyszyn,LWLXO84LafE
JastrzabPost,2025-07-26,06:00,Dywany i zasÅ‚ony w domu. Hit czy kit? MiruÄ‡ komentuje,"#jastrzÄ…bpost  #krzysztofmiruÄ‡ #projektant 
ğŸ‘‰ğŸ¼Subskrybuj kanaÅ‚: https://www.youtube.com/channel/UCOSeIrY8eAi9lEvJ3vq4xEg?sub_confirmation=1
ğŸŸ WiÄ™cej na: http://jastrzabpost.pl
Dywany i zasÅ‚ony w domu. Hit czy kit? MiruÄ‡ komentuje. WiÄ™cej w naszym materiale wideo.","plotki, gwiazdy, nowinki, celebryci, show biznes, jastrzÄ…b post, krzysztof miruÄ‡, projektant wnÄ™trz, dywany, zasÅ‚ony, projekt, wnÄ™trze domu, wywiad z miruciem",long,2800,6,0,0,hd,No,Yes,,,rurLvixdg_w
JastrzabPost,2025-07-25,13:00,Stylistka Agaty Dudy o STYLU Marty Nawrockiej ğŸ˜Š Dorota Goldpoint ma dla niej kilka rad,"#jastrzÄ…bpost #dorotagoldpoint #pierwszadama 
ğŸ‘‰ğŸ¼Subskrybuj kanaÅ‚: https://www.youtube.com/channel/UCOSeIrY8eAi9lEvJ3vq4xEg?sub_confirmation=1
ğŸŸ WiÄ™cej na: http://jastrzabpost.pl","plotki, gwiazdy, nowinki, celebryci, show biznes, jastrzÄ…b post, dorota goldpoint, pierwsza dama, shorts, marta nawrocka, agata duda, styl",long,4647,18,0,0,hd,No,Yes,,"Dorota Goldpoint, Stylistka Agaty, Marty Nawrockiej",O2CijzhoUOQ
JastrzabPost,2025-07-25,09:09,"Joanna Krupa nauczyÅ‚a cÃ³rkÄ™ mÃ³wiÄ‡ po polsku: ""jej ojcu siÄ™ to nie podoba""","#jastrzÄ…bpost #joannakrupa #gwiazdyodzieciach 
ğŸ‘‰ğŸ¼Subskrybuj kanaÅ‚: https://www.youtube.com/channel/UCOSeIrY8eAi9lEvJ3vq4xEg?sub_confirmation=1
ğŸŸ WiÄ™cej na: https://jastrzabpost.pl/joanna-krupa-o-przeprowadzce-do-polski-i-jezykach-ktorymi-mowi-jej-corka-jej-ojcu-nie-podoba-sie-ze-mowi-po-polsku,7181350152407776a'
Joanna Krupa na co dzieÅ„ mieszka w Stanach Zjednoczonych, ale czÄ™sto bywa w Polsce. W najnowszym wywiadzie dla JastrzÄ…b Post ujawniÅ‚a, Å¼e rozmawia z cÃ³rkÄ… w jÄ™zyku polskim. â€“ MÃ³j byÅ‚y mÄ…Å¼","plotki, gwiazdy, nowinki, celebryci, show biznes, jastrzÄ…b post, joanna krupa, cÃ³rka krupy, modelka, top model, gwiazdy o dzieciach, dzieci gwiazd, mÄ…Å¼ krupy, los angeles, polska",long,9012,56,1,0,hd,No,Yes,,"Joanna Krupa, Stanach Zjednoczonych",IxBHJg3eXBU
JastrzabPost,2025-07-25,06:00,"Co z tym latem? Bartek JÄ™drzejak tÅ‚umaczy: ""lipiec siÄ™ rozszalaÅ‚""","#jastrzÄ…bpost #bartoszjÄ™drzejak #lato 
ğŸ‘‰ğŸ¼Subskrybuj kanaÅ‚: https://www.youtube.com/channel/UCOSeIrY8eAi9lEvJ3vq4xEg?sub_confirmation=1
ğŸŸ WiÄ™cej na: http://jastrzabpost.pl
Co z tym latem? Bartek JÄ™drzejak tÅ‚umaczy: ""lipiec siÄ™ rozszalaÅ‚"". WiÄ™cej w naszym materiale wideo.","plotki, gwiazdy, nowinki, celebryci, show biznes, jastrzÄ…b post, bartosz jÄ™drzejak, lato, wakacje, pogodynek, prezenter pogody, ddtvn, pogoda, pogoda tvn, wywiad z jÄ™drzejakiem, dzieÅ„ dobry tvn",long,229,4,0,0,hd,No,Yes,,,K3umQQsDe5o
Magazyn VIVA!,2025-07-27,14:53,"MA DOÅšÄ† KONTAKTU Z EX?! JOANNA KRUPA PRYWATNIE: RANDKI, CÃ“RKA Å»YCIE W USA | KULA VIVY!","Joanna Krupa odpowiedziaÅ‚a na pytania z Kuli VIVY!. Dlaczego nie ma dobrego kontaktu z byÅ‚ym mÄ™Å¼em? Jak wyglÄ…daÅ‚y jej ostatnie randki? Czym rÃ³Å¼ni siÄ™ jej Å¼ycie w Polsce i w Stanach? I co robi, by cÃ³rka byÅ‚a szczÄ™Å›liwa? SÅ‚uchaÅ‚ RafaÅ‚ Kowalski
#joannakrupa #topmodel #quiz 

Social Media:
www.facebook.com/VivaMagazyn
www.instagram.com/viva_magazyn

WiÄ™cej na www.viva.pl","Viva, Viva Magazyn, VIVA.pl, Joanna Krupa, Wywiad z JoannÄ… KrupÄ…, Asia Krupa, Douglas Nunes, byÅ‚y mÄ…Å¼ Krupy, Krupa byÅ‚y mÄ…Å¼, Asha Krupa, CÃ³rka Joanny Krupy, Top model, randki, Å¼ycie w Stanach, Polacy w USA, Å»ycie PolakÃ³w w Stanach, USA POLACY, jÄ™zyk angielski i polski, quiz, wywiad, kula vivy, RafaÅ‚ KOwalski, sesja do vivy, Asia Krupa prywatnie, Krupa o byÅ‚ym, Krupa nowy zwiÄ…zek, Joanna Krupa Zakochana, cooking with the Krupas, siostry Krupa, Marta Krupa, gotowanie",long,506,27,1,0,hd,No,Yes,,"Joanna Krupa, Social Media",ZAkdTdAwKqs
Magazyn VIVA!,2025-07-25,06:00,TAK MIESZKA KASIA MOÅš Z RODZINÄ„! PODOBA WAM SIÄ˜?,"Social Media:
www.facebook.com/VivaMagazyn
www.instagram.com/viva_magazyn

WiÄ™cej na www.viva.pl","Viva, Viva Magazyn, VIVA.pl",long,13232,108,6,0,hd,No,Yes,,Social Media,cpfJcb2UQhc
Kozaczek,2025-07-27,13:10,DODA zniszczyÅ‚a Labubu na scenie ÅÃ³dÅº Summer Festival #doda #dlaciebie #dodaqueen #labubu #news,,,long,14460,45,21,0,hd,No,Yes,,Summer Festival,ae9DdWh9ghc
Kozaczek,2025-07-27,07:57,DODA pocisnÄ™Å‚a SÅ‚awoszowi UznaÅ„skiemu-WiÅ›niewskiemu #doda #dodaqueen #dlaciebie #kosmos #news,,,long,19321,108,68,0,hd,No,Yes,,,hZRM2vhsx4E
Kozaczek,2025-07-26,13:15,DODA broni Jennifer Lopez po koncercie w Polsce #dlaciebie #doda #dodaqueen #jenniferlopez #koncert,,,long,22973,224,110,0,hd,No,Yes,,Jennifer Lopez,TLzeBd07z5E
Kozaczek,2025-07-26,11:34,DODA o Jennifer Lopez: Scena bez szaÅ‚u #doda #koncert #jenniferlopez #jlo #dlaciebie,,,long,40454,152,23,0,hd,No,Yes,,Jennifer Lopez,LnJmulSa0xU
Kozaczek,2025-07-26,09:38,DODA o JenniferLopez: UkradÅ‚a mi stylizacjÄ™ #doda #dodaqueen #dlaciebie #koncert #jlo #jenniferlopez,,,long,18344,163,39,0,hd,No,Yes,,,bxqKpOZmMpo
Kozaczek,2025-07-25,09:03,Basia Kurdej-Szatan kupiÅ‚a dom w Hiszpanii #hiszpania #dom #house #home #dlaciebie #news #gwiazdy,,,long,5211,19,12,0,hd,No,Yes,,Basia Kurdej,zC1crAwGtuI
Fakt GWIAZDY,2025-07-26,19:13,Jennifer Lopez i jej ostatnie chwile w Polsce ğŸ”¥â¤ï¸ #fakt #jenniferlopez #faktgwiazdy,,,long,37698,39,2,0,hd,No,Yes,,Jennifer Lopez,0V3d7tf8E_8
Fakt GWIAZDY,2025-07-25,11:13,Magda Gessler doradza mÄ™Å¼czyznom. Tam moÅ¼na zabraÄ‡ kobietÄ™ na randkÄ™!,"Magda Gessler podzieliÅ‚a siÄ™ swojÄ… refleksjÄ… na temat randek. SÅ‚ynna restauratorka zdradziÅ‚a, gdzie naleÅ¼y wybraÄ‡ siÄ™ na kolacjÄ™, aby zjeÅ›Ä‡ lekko, delikatnie i przy tym bardzo smacznie. OceniÅ‚a takÅ¼e, kto powinien zapÅ‚aciÄ‡ za wspÃ³lny posiÅ‚ek.","Magda Gessler, masterchef, kuchnia, randka, kolacja, kobieta, mÄ™Å¼czyzna, tvn",long,129,1,0,0,hd,No,Yes,,Magda Gessler,nA2AWDY-PIo
WP Lifestyle,2025-07-27,08:00,"Kamil ""Saful"" NoÅ¼yÅ„ski wybraÅ‚ swojego ulubionego RAPERA ğŸ”¥","#kamilnoÅ¼yÅ„ski #wywiad  #shorts 



RozmawiaÅ‚: Filip Borowiak https://www.instagram.com/fboro

ğŸ””ğŸ””ğŸ”” Subskrybuj Nasze KanaÅ‚y ğŸ””ğŸ””ğŸ”” 
ğŸ”¶ğŸ”¶ğŸ”¶ KanaÅ‚ Wirtualna Polska:    @wp-pl 
ğŸ”¶ğŸ”¶ğŸ”¶ KanaÅ‚ Wirtualna Polska News:    @WirtualnaPolskaNews 
ğŸ”¶ğŸ”¶ğŸ”¶ KanaÅ‚ Didaskalia:   @didaskaliaWP 
ğŸ”¶ğŸ”¶ğŸ”¶ KanaÅ‚ W PolskÄ™ na weekend:   @WPolskenaWeekend 
ğŸ”¶ğŸ”¶ğŸ”¶ KanaÅ‚ PomysÅ‚ na Dom:   @pomyslnadom 
ğŸ”¶ğŸ”¶ğŸ”¶ KanaÅ‚ Pudelek:   @pudelektv  
ğŸ”¶ğŸ”¶ğŸ”¶ KanaÅ‚ Telewizja WP:   @telewizjawp6950 
ğŸ”¶ğŸ”¶ğŸ”¶ KanaÅ‚ Klatka po klatce:  @klatka.po.klatce 
ğŸ”¶ğŸ”¶ğŸ”¶ KanaÅ‚ Sportow","kamil noÅ¼yÅ„ski, Kamil NoÅ¼yÅ„ski, Kamil NoÅ¼yÅ„ski wywiad, Kamil NoÅ¼yÅ„ski The Old Guard 2, The Old Guard 2, Charlize Theron, Uma Thurman, Kamil NoÅ¼yÅ„ski Netflix, The Old Guard, ÅšlepnÄ…c od Å›wiateÅ‚, Cezary Pazura, Jan Frycz, Robert WiÄ™ckiewicz, Doda, Doda Fake Love, Saful, Dixon37, Kamil NoÅ¼yÅ„ski Saful, Saful wywiad, Saful pÅ‚yta, Saful koncerty, Saful Krok w chmurach, raper, wywiad, showbiznes, ÅšlepnÄ…c od Å›wiateÅ‚ odcinki, Karol Nawrocki, IdÅº przodem bracie, shorts",long,2235,7,1,0,hd,No,Yes,,"Sportowe Fakty, Filip Borowiak, Subskrybuj Nasze, Wirtualna Polska",nRgvsXkXWDQ
WP Lifestyle,2025-07-26,08:00,"Kamil NoÅ¼yÅ„ski zmagaÅ‚ siÄ™ z depresjÄ… po sukcesie serialu ""ÅšlepnÄ…c od Å›wiateÅ‚""","#kamilnoÅ¼yÅ„ski #wywiad  #shorts 



RozmawiaÅ‚: Filip Borowiak https://www.instagram.com/fboro

ğŸ””ğŸ””ğŸ”” Subskrybuj Nasze KanaÅ‚y ğŸ””ğŸ””ğŸ”” 
ğŸ”¶ğŸ”¶ğŸ”¶ KanaÅ‚ Wirtualna Polska:    @wp-pl 
ğŸ”¶ğŸ”¶ğŸ”¶ KanaÅ‚ Wirtualna Polska News:    @WirtualnaPolskaNews 
ğŸ”¶ğŸ”¶ğŸ”¶ KanaÅ‚ Didaskalia:   @didaskaliaWP 
ğŸ”¶ğŸ”¶ğŸ”¶ KanaÅ‚ W PolskÄ™ na weekend:   @WPolskenaWeekend 
ğŸ”¶ğŸ”¶ğŸ”¶ KanaÅ‚ PomysÅ‚ na Dom:   @pomyslnadom 
ğŸ”¶ğŸ”¶ğŸ”¶ KanaÅ‚ Pudelek:   @pudelektv  
ğŸ”¶ğŸ”¶ğŸ”¶ KanaÅ‚ Telewizja WP:   @telewizjawp6950 
ğŸ”¶ğŸ”¶ğŸ”¶ KanaÅ‚ Klatka po klatce:  @klatka.po.klatce 
ğŸ”¶ğŸ”¶ğŸ”¶ KanaÅ‚ Sportow","kamil noÅ¼yÅ„ski, Kamil NoÅ¼yÅ„ski, Kamil NoÅ¼yÅ„ski wywiad, Kamil NoÅ¼yÅ„ski The Old Guard 2, The Old Guard 2, Charlize Theron, Uma Thurman, Kamil NoÅ¼yÅ„ski Netflix, The Old Guard, ÅšlepnÄ…c od Å›wiateÅ‚, Cezary Pazura, Jan Frycz, Robert WiÄ™ckiewicz, Doda, Doda Fake Love, Saful, Dixon37, Kamil NoÅ¼yÅ„ski Saful, Saful wywiad, Saful pÅ‚yta, Saful koncerty, Saful Krok w chmurach, raper, wywiad, showbiznes, ÅšlepnÄ…c od Å›wiateÅ‚ odcinki, Karol Nawrocki, IdÅº przodem bracie, shorts",long,2593,9,0,0,hd,No,Yes,,"Sportowe Fakty, Filip Borowiak, Subskrybuj Nasze, Wirtualna Polska",4LljJk2miqM
WP Lifestyle,2025-07-25,15:01,"Kamil NoÅ¼yÅ„ski CAÅOWAÅ siÄ™ z DODÄ„ ğŸ‘€ ""DowiedziaÅ‚em siÄ™ dopiero...""","#kamilnoÅ¼yÅ„ski #wywiad  #shorts 



RozmawiaÅ‚: Filip Borowiak https://www.instagram.com/fboro

ğŸ””ğŸ””ğŸ”” Subskrybuj Nasze KanaÅ‚y ğŸ””ğŸ””ğŸ”” 
ğŸ”¶ğŸ”¶ğŸ”¶ KanaÅ‚ Wirtualna Polska:    @wp-pl 
ğŸ”¶ğŸ”¶ğŸ”¶ KanaÅ‚ Wirtualna Polska News:    @WirtualnaPolskaNews 
ğŸ”¶ğŸ”¶ğŸ”¶ KanaÅ‚ Didaskalia:   @didaskaliaWP 
ğŸ”¶ğŸ”¶ğŸ”¶ KanaÅ‚ W PolskÄ™ na weekend:   @WPolskenaWeekend 
ğŸ”¶ğŸ”¶ğŸ”¶ KanaÅ‚ PomysÅ‚ na Dom:   @pomyslnadom 
ğŸ”¶ğŸ”¶ğŸ”¶ KanaÅ‚ Pudelek:   @pudelektv  
ğŸ”¶ğŸ”¶ğŸ”¶ KanaÅ‚ Telewizja WP:   @telewizjawp6950 
ğŸ”¶ğŸ”¶ğŸ”¶ KanaÅ‚ Klatka po klatce:  @klatka.po.klatce 
ğŸ”¶ğŸ”¶ğŸ”¶ KanaÅ‚ Sportow","kamil noÅ¼yÅ„ski, Kamil NoÅ¼yÅ„ski, Kamil NoÅ¼yÅ„ski wywiad, Kamil NoÅ¼yÅ„ski The Old Guard 2, The Old Guard 2, Charlize Theron, Uma Thurman, Kamil NoÅ¼yÅ„ski Netflix, The Old Guard, ÅšlepnÄ…c od Å›wiateÅ‚, Cezary Pazura, Jan Frycz, Robert WiÄ™ckiewicz, Doda, Doda Fake Love, Saful, Dixon37, Kamil NoÅ¼yÅ„ski Saful, Saful wywiad, Saful pÅ‚yta, Saful koncerty, Saful Krok w chmurach, raper, wywiad, showbiznes, ÅšlepnÄ…c od Å›wiateÅ‚ odcinki, Karol Nawrocki, IdÅº przodem bracie, shorts",long,5106,27,0,0,hd,No,Yes,,"Sportowe Fakty, Filip Borowiak, Subskrybuj Nasze, Wirtualna Polska",YJR43FqGXf0
PUDELEK,2025-07-25,12:30,"Jelly Frucik MIAÅ»DÅ»Y matchÄ™ Sandry Kubickiej! ""â€ŠSmak jest RYBY totalny""","Sandraâ€™s Matcha to nowy hit social mediÃ³w, ale nie dla wszystkich. Jeden z influencerÃ³w odwiedziÅ‚ lokal Sandry Kubickiej i nie gryzÅ‚ siÄ™ w jÄ™zyk:
â€Smakuje i pachnie jak surowa ryba. Tego nie da siÄ™ piÄ‡â€ â€“ mÃ³wi Jelly w swojej brutalnie szczerej recenzji.

ChoÄ‡ Anna Lewandowska i Qczaj zachwalali ten zielony napÃ³j, tu padÅ‚y zupeÅ‚nie inne sÅ‚owa.
50 zÅ‚ za dwie matche i zero satysfakcji.
Kto ma racjÄ™? Sandra i celebryci? A moÅ¼e jednak... fani rybnego aromatu?

Zostaw komentarz ğŸ’¬
ğŸ””ğŸ””ğŸ”” Subskrybuj Nasze ","moda, styl, gwiazdy, celebryci, ludzie, ludzie i blogi, Pudelek, Sandra Kubicka, Sandra's Matcha, Jelly influencer, matcha opinie, kontrowersje matcha, Anna Lewandowska matcha, Qczaj, recenzje influencerÃ³w, modne napoje, rybny smak matcha, viral, trendy 2025",long,5370,20,5,0,hd,No,Yes,,"Subskrybuj Nasze, Anna Lewandowska, Sandry Kubickiej, Jelly Frucik",LqpSBCgzO0E
PUDELEK,2025-07-25,12:06,"""Kocham go nad Å¼ycieâ€. Katarzyna SokoÅ‚owska o 3-latku, bajkach i angielskim w domu","Katarzyna SokoÅ‚owska w rozmowie z reporterkÄ… PUDELKA opowiedziaÅ‚a o swoim synku Iwo Lwie, ktÃ³ry wÅ‚aÅ›nie skoÅ„czyÅ‚ 3 lata. Projektantka zdradza, Å¼e czas pÅ‚ynie bÅ‚yskawicznie, a macierzyÅ„stwo to najwiÄ™ksza przygoda jej Å¼ycia:
â€MiÅ‚oÅ›Ä‡ absolutna. Kocham go nad Å¼ycieâ€.

Ale nie brakuje teÅ¼ wyzwaÅ„.
SokoÅ‚owska otwarcie mÃ³wi o trudnoÅ›ciach z technologiÄ…:
â€Nie mamy tableta. Telefon w naszych rÄ™kach to najtrudniejsza rzecz do wytÅ‚umaczenia dzieckuâ€.
Rozmawiamy teÅ¼ o bajkach, nauce angielskiego i tym, jak Å›","moda, styl, gwiazdy, celebryci, ludzie, ludzie i blogi, Pudelek, Katarzyna SokoÅ‚owska, Iwo Lew, dzieci gwiazd, macierzyÅ„stwo, tablet a dziecko, dzieci i technologia, Å›wiadome rodzicielstwo, bajki dla dzieci, angielski dla dzieci, telefon a wychowanie, mama celebrytka",long,3753,32,2,0,hd,No,Yes,,"Subskrybuj Nasze, Iwo Lwie",GwcfFH8cAZw
RMF MAXX,2025-07-27,12:30,TAK BYÅO NA KONCERCIE OTSOCHODZI! ğŸ™ŒğŸ» #wspÃ³Å‚praca #otsochodzi #koncert #strefa57,"NASZE SOCIAL MEDIA
- Instagram: https://instagram.com/radio_rmfmaxx?igshid=YmMyMTA2M2Y=
- TikTok: https://www.tiktok.com/@rmfmaxx?_t=8Z1WEWZFEpx&_r=1
- Strona Internetowa: www.rmfmaxx.pl","rmf, maxxx, RMF MAXXX, MAXX, MAX, RMF MAKS, rmf maxx, strefa 57, strefa57, strefa 57 koncert, strefa 57 koncerty, koncert, koncerty, otsochodzi, otso, otso koncert, otsochodzi strefa57, strefa 57 aftermovie, aftermovie, concert aftermovie, otsochodzi koncert, tarcho terror, otsochodzi scena, miÅ‚osz stÄ™pieÅ„, festiwal, otsochodzi w strefie 57, oio, wystÄ™p, strefa 57 bilety, strefa57 bilety, strefa57 koncerty, aftermovie otsochodzi, otsochodzi bilety",long,1051,4,0,0,hd,No,Yes,,Strona Internetowa,KzN-7NFsD-Y
RMF MAXX,2025-07-25,20:00,GDZIE JEST 300 BANIEK? ğŸ‘€ #otsochodzi #koncert #strefa57 #wspÃ³Å‚praca,"NASZE SOCIAL MEDIA
- Instagram: https://instagram.com/radio_rmfmaxx?igshid=YmMyMTA2M2Y=
- TikTok: https://www.tiktok.com/@rmfmaxx?_t=8Z1WEWZFEpx&_r=1
- Strona Internetowa: www.rmfmaxx.pl","rmf, maxxx, RMF MAXXX, MAXX, MAX, RMF MAKS, rmf maxx, strefa 57, strefa57, strefa 57 koncert, strefa 57 koncerty, koncert, koncerty, otsochodzi, otso, otso koncert, otsochodzi strefa57, strefa 57 aftermovie, aftermovie, concert aftermovie, otsochodzi koncert, tarcho terror, otsochodzi scena, miÅ‚osz stÄ™pieÅ„, festiwal, otsochodzi w strefie 57, oio, wystÄ™p, strefa 57 bilety, strefa57 bilety, strefa57 koncerty, aftermovie otsochodzi, otsochodzi bilety, 300 baniek",long,1029,6,0,0,hd,No,Yes,,Strona Internetowa,QmOjyARecYs
Plotek,2025-07-27,15:00,Julia Wieniawa wspomina dojeÅ¼dÅ¼anie do szkoÅ‚y komunikacjÄ… miejskÄ…,"#shorts #plotek #showbiz #wieniawa

ğŸŸ£www.plotek.pl
ğŸŸ£FB: https://www.facebook.com/Plotek
ğŸŸ£IG: https://www.instagram.com/plotek.pl/
ğŸŸ£TikTok: https://www.tiktok.com/@plotek_","plotek, koÅ‚o plotka, plotkowe koÅ‚o, celebryci gwiazdy, plotki, celebryci, gwiazdy, showbiznes, showbiz, najnowsze plotki, plotki o gwiazdach, Å¼ycie celebrytÃ³w, drama",long,6916,68,3,0,hd,No,Yes,,Julia Wieniawa,5-NmoSjRb_o
Plotek,2025-07-26,15:02,Rozenek i Majdan pokazali tapety w swoich telefonach,"#plotek #showbiz #shorts #rozenek #majdan 

ğŸŸ£www.plotek.pl
ğŸŸ£FB: https://www.facebook.com/Plotek
ğŸŸ£IG: https://www.instagram.com/plotek.pl/
ğŸŸ£TikTok: https://www.tiktok.com/@plotek_","plotek, koÅ‚o plotka, plotkowe koÅ‚o, celebryci gwiazdy, plotki, celebryci, gwiazdy, showbiznes, showbiz, najnowsze plotki, plotki o gwiazdach, Å¼ycie celebrytÃ³w, drama",long,6816,45,2,0,hd,No,Yes,,,rs3vkdChokM
Plotek,2025-07-25,15:01,Klaudia El Dursi ma kompleksy,"#plotek #showbiz #koÅ‚oplotka #shorts #eldursi

ğŸŸ£www.plotek.pl
ğŸŸ£FB: https://www.facebook.com/Plotek
ğŸŸ£IG: https://www.instagram.com/plotek.pl/
ğŸŸ£TikTok: https://www.tiktok.com/@plotek_","el dursi, kompleksy, shorts, el dursi wywiad",long,13418,84,1,0,hd,No,Yes,,Klaudia El,yG0lrySaFuk
